{
  "entries": [
    {
      "color.day": "#E4ECECFF",
      "color.night": "#081018FF",
      "id": "fill.background",
      "type": "color"
    },
    {
      "color.day": "#D4D4D8FF",
      "color.night": "#20242CFF",
      "id": "fill.buildingfootprint",
      "type": "color"
    },
    {
      "color.day": "#00000048",
      "color.night": "#00000068",
      "id": "fill.buildingshadow",
      "type": "color"
    },
    {
      "color.day": "#F0F4F8FF",
      "color.night": "#A0A2A5FF",
      "id": "fill.citymap.bridge",
      "type": "color"
    },
    {
      "color.day": "#D3E8CCFF",
      "color.night": "#404C3CFF",
      "id": "fill.citymap.footpath",
      "type": "color"
    },
    {
      "color.day": "#B6B2A7FF",
      "color.night": "#676664FF",
      "id": "fill.citymap.medianstrip",
      "type": "color"
    },
    {
      "color.day": "#A8ACB0FF",
      "color.night": "#343438FF",
      "id": "fill.citymap.normalroad",
      "type": "color"
    },
    {
      "color.day": "#A9B4C2B8",
      "color.night": "#717577D5",
      "id": "fill.citymap.pedestrianbridge",
      "type": "color"
    },
    {
      "color.day": "#9CA0A4FF",
      "color.night": "#3C3C40FF",
      "id": "fill.citymap.sidewalk",
      "type": "color"
    },
    {
      "color.day": "#3CAA81FF",
      "color.night": "#427B67FF",
      "id": "fill.contour11",
      "type": "color"
    },
    {
      "color.day": "#2D966FFF",
      "color.night": "#619483FF",
      "id": "fill.contour16",
      "type": "color"
    },
    {
      "color.day": "#C1DCD3FF",
      "color.night": "#162627FF",
      "id": "fill.contour2",
      "type": "color"
    },
    {
      "color.day": "#A9D0C2FF",
      "color.night": "#1F342DFF",
      "id": "fill.contour3",
      "type": "color"
    },
    {
      "color.day": "#95C6B4FF",
      "color.night": "#27443AFF",
      "id": "fill.contour4",
      "type": "color"
    },
    {
      "color.day": "#78C4A9FF",
      "color.night": "#2D5447FF",
      "id": "fill.contour5",
      "type": "color"
    },
    {
      "color.day": "#63BF9EFF",
      "color.night": "#346554FF",
      "id": "fill.contour6",
      "type": "color"
    },
    {
      "color.day": "#45BA8FFF",
      "color.night": "#3D725FFF",
      "id": "fill.contour9",
      "type": "color"
    },
    {
      "color.day": "#9FD6B0FF",
      "color.night": "#0C452AFF",
      "id": "fill.greenarea",
      "type": "color"
    },
    {
      "color.day": "#EAE1BDFF",
      "color.night": "#000000FF",
      "id": "fill.institution",
      "type": "color"
    },
    {
      "color.day": "#D4D4D8FF",
      "color.night": "#20242CFF",
      "id": "fill.lowerbuildingfootprint",
      "type": "color"
    },
    {
      "color.day": "#82CBFCFF",
      "color.night": "#04385CFF",
      "id": "fill.premisesmap.water",
      "type": "color"
    },
    {
      "color.day": "#CDC8B2FF",
      "color.night": "#2B2A26FF",
      "id": "fill.site",
      "type": "color"
    },
    {
      "color.day": "#FFB2C2FF",
      "color.night": "#8B5674FF",
      "id": "fill.station",
      "type": "color"
    },
    {
      "color.day": "#82CBFCFF",
      "color.night": "#04385CFF",
      "id": "fill.water",
      "type": "color"
    },
    {
      "value": 2.1,
      "id": "fontscale.large",
      "type": "scale"
    },
    {
      "anchor.day": [
        0.5,
        0.332
      ],
      "anchor.night": [
        0.5,
        0.5
      ],
      "path": "images/icon.car_20210521040410.png",
      "path.night": "",
      "id": "icon.car",
      "type": "image"
    },
    {
      "value": true,
      "id": "icon.destination",
      "type": "visibility"
    },
    {
      "anchor.day": [
        0.5,
        0.5
      ],
      "anchor.night": [
        0.5,
        0.5
      ],
      "path": "images/icon.destination_20210705045632.png",
      "path.night": "images/icon.destination_20210804073505.png",
      "id": "icon.destination",
      "type": "image"
    },
    {
      "anchor.day": [
        0.5,
        0.5
      ],
      "anchor.night": [
        0.5,
        0.5
      ],
      "path": "images/icon.oneway_20210824104244.png",
      "path.night": "images/icon.oneway_20210824104304.png",
      "id": "icon.oneway",
      "type": "image"
    },
    {
      "textrect": [
        0.2,
        0.2,
        0.8,
        0.8
      ],
      "anchor.day": [
        0.5,
        0.5
      ],
      "anchor.night": [
        0.5,
        0.5
      ],
      "path": "",
      "path.night": "",
      "id": "icon.roadno.jp.prefectual",
      "type": "image"
    },
    {
      "color.day": "#283054FF",
      "color.night": "#000000FF",
      "id": "icon.symbol.airport",
      "type": "color"
    },
    {
      "anchor.day": [
        0.5,
        0.5
      ],
      "anchor.night": [
        0.5,
        0.5
      ],
      "path": "images/icon.symbol.airport_20210511122030.png",
      "path.night": "images/icon.symbol.airport_20210511122045.png",
      "id": "icon.symbol.airport",
      "type": "image"
    },
    {
      "color.day": "#282830FF",
      "color.night": "#000000FF",
      "id": "icon.symbol.amusementpark",
      "type": "color"
    },
    {
      "anchor.day": [
        0.5,
        0.5
      ],
      "anchor.night": [
        0.5,
        0.5
      ],
      "path": "images/icon.symbol.amusementpark_20210510012729.png",
      "path.night": "images/icon.symbol.amusementpark_20210510015542.png",
      "id": "icon.symbol.amusementpark",
      "type": "image"
    },
    {
      "color.day": "#283054FF",
      "color.night": "#000000FF",
      "id": "icon.symbol.aquarium",
      "type": "color"
    },
    {
      "anchor.day": [
        0.5,
        0.5
      ],
      "anchor.night": [
        0.5,
        0.5
      ],
      "path": "images/icon.symbol.aquarium_20210511112706.png",
      "path.night": "images/icon.symbol.aquarium_20210511112837.png",
      "id": "icon.symbol.aquarium",
      "type": "image"
    },
    {
      "color.day": "#505468FF",
      "color.night": "#000000FF",
      "id": "icon.symbol.arena",
      "type": "color"
    },
    {
      "anchor.day": [
        0.5,
        0.5
      ],
      "anchor.night": [
        0.5,
        0.5
      ],
      "path": "images/icon.symbol.arena_20210510120108.png",
      "path.night": "images/icon.symbol.arena_20210511093334.png",
      "id": "icon.symbol.arena",
      "type": "image"
    },
    {
      "color.day": "#282830FF",
      "color.night": "#000000FF",
      "id": "icon.symbol.bank",
      "type": "color"
    },
    {
      "anchor.day": [
        0.5,
        0.5
      ],
      "anchor.night": [
        0.5,
        0.5
      ],
      "path": "images/icon.symbol.bank_20210510115408.png",
      "path.night": "images/icon.symbol.bank_20210708095810.png",
      "id": "icon.symbol.bank",
      "type": "image"
    },
    {
      "color.day": "#505468FF",
      "color.night": "#10181FFF",
      "id": "icon.symbol.baseballstadium",
      "type": "color"
    },
    {
      "anchor.day": [
        0.5,
        0.5
      ],
      "anchor.night": [
        0.5,
        0.5
      ],
      "path": "images/icon.symbol.baseballstadium_20210511092435.png",
      "path.night": "images/icon.symbol.baseballstadium_20210511122354.png",
      "id": "icon.symbol.baseballstadium",
      "type": "image"
    },
    {
      "color.day": "#283054FF",
      "color.night": "#000000FF",
      "id": "icon.symbol.beach",
      "type": "color"
    },
    {
      "anchor.day": [
        0.5,
        0.5
      ],
      "anchor.night": [
        0.5,
        0.5
      ],
      "path": "images/icon.symbol.beach_20210511112524.png",
      "path.night": "images/icon.symbol.beach_20210511112608.png",
      "id": "icon.symbol.beach",
      "type": "image"
    },
    {
      "color.day": "#282830FF",
      "color.night": "#000000FF",
      "id": "icon.symbol.branchoffice",
      "type": "color"
    },
    {
      "anchor.day": [
        0.5,
        0.5
      ],
      "anchor.night": [
        0.5,
        0.5
      ],
      "path": "images/icon.symbol.branchoffice_20210510115548.png",
      "path.night": "images/icon.symbol.branchoffice_20210520010822.png",
      "id": "icon.symbol.branchoffice",
      "type": "image"
    },
    {
      "color.day": "#283054FF",
      "color.night": "#000000B5",
      "id": "icon.symbol.budokan",
      "type": "color"
    },
    {
      "anchor.day": [
        0.5,
        0.5
      ],
      "anchor.night": [
        0.5,
        0.5
      ],
      "path": "images/icon.symbol.budokan_20210601104523.png",
      "path.night": "images/icon.symbol.budokan_20210520011138.png",
      "id": "icon.symbol.budokan",
      "type": "image"
    },
    {
      "color.day": "#282830FF",
      "color.night": "#000000FF",
      "id": "icon.symbol.building",
      "type": "color"
    },
    {
      "anchor.day": [
        0.5,
        0.5
      ],
      "anchor.night": [
        0.5,
        0.5
      ],
      "path": "images/icon.symbol.building_20210510010658.png",
      "path.night": "images/icon.symbol.building_20210510033952.png",
      "id": "icon.symbol.building",
      "type": "image"
    },
    {
      "color.day": "#283054FF",
      "color.night": "#000000FF",
      "id": "icon.symbol.campsite",
      "type": "color"
    },
    {
      "anchor.day": [
        0.5,
        0.5
      ],
      "anchor.night": [
        0.5,
        0.5
      ],
      "path": "images/icon.symbol.campsite_20210511105433.png",
      "path.night": "images/icon.symbol.campsite_20210511105506.png",
      "id": "icon.symbol.campsite",
      "type": "image"
    },
    {
      "value": false,
      "id": "icon.symbol.campsite",
      "type": "visibility"
    },
    {
      "color.day": "#282830FF",
      "color.night": "#000000FF",
      "id": "icon.symbol.castle",
      "type": "color"
    },
    {
      "anchor.day": [
        0.5,
        0.5
      ],
      "anchor.night": [
        0.5,
        0.5
      ],
      "path": "images/icon.symbol.castle_20210511093224.png",
      "path.night": "images/icon.symbol.castle_20210511093240.png",
      "id": "icon.symbol.castle",
      "type": "image"
    },
    {
      "color.day": "#283054FF",
      "color.night": "#000000FF",
      "id": "icon.symbol.cemetery",
      "type": "color"
    },
    {
      "anchor.day": [
        0.5,
        0.5
      ],
      "anchor.night": [
        0.5,
        0.5
      ],
      "path": "images/icon.symbol.cemetery_20210511114304.png",
      "path.night": "images/icon.symbol.cemetery_20210511114646.png",
      "id": "icon.symbol.cemetery",
      "type": "image"
    },
    {
      "color.day": "#282830FF",
      "color.night": "#000000FF",
      "id": "icon.symbol.church",
      "type": "color"
    },
    {
      "anchor.day": [
        0.5,
        0.5
      ],
      "anchor.night": [
        0.5,
        0.5
      ],
      "path": "images/icon.symbol.church_20210510013404.png",
      "path.night": "images/icon.symbol.church_20210510033854.png",
      "id": "icon.symbol.church",
      "type": "image"
    },
    {
      "color.day": "#282830FF",
      "color.night": "#000000FF",
      "id": "icon.symbol.cityoffice",
      "type": "color"
    },
    {
      "anchor.day": [
        0.5,
        0.5
      ],
      "anchor.night": [
        0.5,
        0.5
      ],
      "path": "images/icon.symbol.cityoffice_20210510012011.png",
      "path.night": "images/icon.symbol.cityoffice_20210510034442.png",
      "id": "icon.symbol.cityoffice",
      "type": "image"
    },
    {
      "color.day": "#282830FF",
      "color.night": "#000001B5",
      "id": "icon.symbol.facility",
      "type": "color"
    },
    {
      "anchor.day": [
        0.5,
        0.5
      ],
      "anchor.night": [
        0.5,
        0.5
      ],
      "path": "images/icon.symbol.facility_20210430102547.png",
      "path.night": "images/icon.symbol.facility_20210510021010.png",
      "id": "icon.symbol.facility",
      "type": "image"
    },
    {
      "value": true,
      "id": "icon.symbol.facility",
      "type": "visibility"
    },
    {
      "color.day": "#282830FF",
      "color.night": "#000000FF",
      "id": "icon.symbol.factory",
      "type": "color"
    },
    {
      "anchor.day": [
        0.5,
        0.5
      ],
      "anchor.night": [
        0.5,
        0.5
      ],
      "path": "images/icon.symbol.factory_20210510115434.png",
      "path.night": "images/icon.symbol.factory_20210510022509.png",
      "id": "icon.symbol.factory",
      "type": "image"
    },
    {
      "color.day": "#282830FF",
      "color.night": "#000000FF",
      "id": "icon.symbol.ferry",
      "type": "color"
    },
    {
      "anchor.day": [
        0.5,
        0.5
      ],
      "anchor.night": [
        0.5,
        0.5
      ],
      "path": "images/icon.symbol.ferry_20210510012815.png",
      "path.night": "images/icon.symbol.ferry_20210510015503.png",
      "id": "icon.symbol.ferry",
      "type": "image"
    },
    {
      "color.day": "#282830FF",
      "color.night": "#000000FF",
      "id": "icon.symbol.firestation",
      "type": "color"
    },
    {
      "anchor.day": [
        0.5,
        0.5
      ],
      "anchor.night": [
        0.5,
        0.5
      ],
      "path": "images/icon.symbol.firestation_20210510115758.png",
      "path.night": "images/icon.symbol.firestation_20210510022016.png",
      "id": "icon.symbol.firestation",
      "type": "image"
    },
    {
      "color.day": "#FF5050FF",
      "color.night": "#FF5050FF",
      "id": "icon.symbol.generalhospital",
      "type": "color"
    },
    {
      "anchor.day": [
        0.5,
        0.5
      ],
      "anchor.night": [
        0.5,
        0.5
      ],
      "path": "images/icon.symbol.generalhospital_20210708095420.png",
      "path.night": "images/icon.symbol.generalhospital_20210708095455.png",
      "id": "icon.symbol.generalhospital",
      "type": "image"
    },
    {
      "anchor.day": [
        0.5,
        0.5
      ],
      "anchor.night": [
        0.5,
        0.5
      ],
      "path": "images/icon.symbol.golf_20210511094721.png",
      "path.night": "images/icon.symbol.golf_20210511094739.png",
      "id": "icon.symbol.golf",
      "type": "image"
    },
    {
      "value": false,
      "id": "icon.symbol.golf",
      "type": "visibility"
    },
    {
      "anchor.day": [
        0.5,
        0.5
      ],
      "anchor.night": [
        0.5,
        0.5
      ],
      "path": "images/icon.symbol.govermentoffice_20210708095123.png",
      "path.night": "images/icon.symbol.govermentoffice_20210708095144.png",
      "id": "icon.symbol.govermentoffice",
      "type": "image"
    },
    {
      "color.day": "#FF4F50FF",
      "color.night": "#FF4F50FF",
      "id": "icon.symbol.healthcenter",
      "type": "color"
    },
    {
      "anchor.day": [
        0.5,
        0.5
      ],
      "anchor.night": [
        0.5,
        0.5
      ],
      "path": "images/icon.symbol.healthcenter_20210708094248.png",
      "path.night": "images/icon.symbol.healthcenter_20210708094256.png",
      "id": "icon.symbol.healthcenter",
      "type": "image"
    },
    {
      "color.day": "#FF5050FF",
      "color.night": "#FF0000FF",
      "id": "icon.symbol.hospital",
      "type": "color"
    },
    {
      "anchor.day": [
        0.5,
        0.5
      ],
      "anchor.night": [
        0.5,
        0.5
      ],
      "path": "images/icon.symbol.hospital_20210510115339.png",
      "path.night": "images/icon.symbol.hospital_20210510020629.png",
      "id": "icon.symbol.hospital",
      "type": "image"
    },
    {
      "value": true,
      "id": "icon.symbol.hospital",
      "type": "visibility"
    },
    {
      "color.day": "#282830FF",
      "color.night": "#000000FF",
      "id": "icon.symbol.hotel",
      "type": "color"
    },
    {
      "anchor.day": [
        0.5,
        0.5
      ],
      "anchor.night": [
        0.5,
        0.5
      ],
      "path": "images/icon.symbol.hotel_20210510122121.png",
      "path.night": "images/icon.symbol.hotel_20210510014629.png",
      "id": "icon.symbol.hotel",
      "type": "image"
    },
    {
      "color.day": "#282830FF",
      "color.night": "#000000FF",
      "id": "icon.symbol.hotspring",
      "type": "color"
    },
    {
      "anchor.day": [
        0.5,
        0.5
      ],
      "anchor.night": [
        0.5,
        0.5
      ],
      "path": "images/icon.symbol.hotspring_20210510012912.png",
      "path.night": "images/icon.symbol.hotspring_20210511115617.png",
      "id": "icon.symbol.hotspring",
      "type": "image"
    },
    {
      "color.day": "#006C28FF",
      "color.night": "#006C28FF",
      "id": "icon.symbol.ic",
      "type": "color"
    },
    {
      "color.day": "#282830FF",
      "color.night": "#000000FF",
      "id": "icon.symbol.kindergarten",
      "type": "color"
    },
    {
      "anchor.day": [
        0.5,
        0.5
      ],
      "anchor.night": [
        0.5,
        0.5
      ],
      "path": "images/icon.symbol.kindergarten_20210510115222.png",
      "path.night": "images/icon.symbol.kindergarten_20210510020413.png",
      "id": "icon.symbol.kindergarten",
      "type": "image"
    },
    {
      "anchor.day": [
        0.5,
        0.5
      ],
      "anchor.night": [
        0.5,
        0.5
      ],
      "path": "images/icon.symbol.leisurefacilities_20210708093802.png",
      "path.night": "images/icon.symbol.leisurefacilities_20210708093820.png",
      "id": "icon.symbol.leisurefacilities",
      "type": "image"
    },
    {
      "color.day": "#282830FF",
      "color.night": "#000000FF",
      "id": "icon.symbol.library",
      "type": "color"
    },
    {
      "anchor.day": [
        0.5,
        0.5
      ],
      "anchor.night": [
        0.5,
        0.5
      ],
      "path": "images/icon.symbol.library_20210510011630.png",
      "path.night": "images/icon.symbol.library_20210510020756.png",
      "id": "icon.symbol.library",
      "type": "image"
    },
    {
      "color.day": "#283050FF",
      "color.night": "#101820FF",
      "id": "icon.symbol.lighthouse",
      "type": "color"
    },
    {
      "anchor.day": [
        0.5,
        0.5
      ],
      "anchor.night": [
        0.5,
        0.5
      ],
      "path": "images/icon.symbol.lighthouse_20210511011539.png",
      "path.night": "images/icon.symbol.lighthouse_20210511011821.png",
      "id": "icon.symbol.lighthouse",
      "type": "image"
    },
    {
      "color.day": "#505468FF",
      "color.night": "#000000FF",
      "id": "icon.symbol.mountain",
      "type": "color"
    },
    {
      "anchor.day": [
        0.5,
        0.5
      ],
      "anchor.night": [
        0.5,
        0.5
      ],
      "path": "images/icon.symbol.mountain_20210511011934.png",
      "path.night": "images/icon.symbol.mountain_20210511012046.png",
      "id": "icon.symbol.mountain",
      "type": "image"
    },
    {
      "color.day": "#282830FF",
      "color.night": "#000000FF",
      "id": "icon.symbol.museum",
      "type": "color"
    },
    {
      "anchor.day": [
        0.5,
        0.5
      ],
      "anchor.night": [
        0.5,
        0.5
      ],
      "path": "images/icon.symbol.museum_20210510121330.png",
      "path.night": "images/icon.symbol.museum_20210510020817.png",
      "id": "icon.symbol.museum",
      "type": "image"
    },
    {
      "color.day": "#006C28FF",
      "color.night": "#006C28FF",
      "id": "icon.symbol.pa",
      "type": "color"
    },
    {
      "color.day": "#0C8048FF",
      "color.night": "#006C28FF",
      "id": "icon.symbol.park",
      "type": "color"
    },
    {
      "anchor.day": [
        0.5,
        0.5
      ],
      "anchor.night": [
        0.5,
        0.5
      ],
      "path": "images/icon.symbol.park_20210510115127.png",
      "path.night": "images/icon.symbol.park_20210510014001.png",
      "id": "icon.symbol.park",
      "type": "image"
    },
    {
      "value": true,
      "id": "icon.symbol.park",
      "type": "visibility"
    },
    {
      "color.day": "#282830FF",
      "color.night": "#000000FF",
      "id": "icon.symbol.parkinglot",
      "type": "color"
    },
    {
      "anchor.day": [
        0.5,
        0.5
      ],
      "anchor.night": [
        0.5,
        0.5
      ],
      "path": "images/icon.symbol.parkinglot_20210510114957.png",
      "path.night": "images/icon.symbol.parkinglot_20210510020307.png",
      "id": "icon.symbol.parkinglot",
      "type": "image"
    },
    {
      "color.day": "#282830FF",
      "color.night": "#000000FF",
      "id": "icon.symbol.policestation",
      "type": "color"
    },
    {
      "anchor.day": [
        0.5,
        0.5
      ],
      "anchor.night": [
        0.5,
        0.5
      ],
      "path": "images/icon.symbol.policestation_20210510115302.png",
      "path.night": "images/icon.symbol.policestation_20210510015424.png",
      "id": "icon.symbol.policestation",
      "type": "image"
    },
    {
      "color.day": "#00A7E3FF",
      "color.night": "#1E58C4FF",
      "id": "icon.symbol.port",
      "type": "color"
    },
    {
      "anchor.day": [
        0.5,
        0.5
      ],
      "anchor.night": [
        0.5,
        0.5
      ],
      "path": "images/icon.symbol.port_20210511011258.png",
      "path.night": "",
      "id": "icon.symbol.port",
      "type": "image"
    },
    {
      "color.day": "#282830FF",
      "color.night": "#000000FF",
      "id": "icon.symbol.postoffice",
      "type": "color"
    },
    {
      "anchor.day": [
        0.5,
        0.5
      ],
      "anchor.night": [
        0.5,
        0.5
      ],
      "path": "images/icon.symbol.postoffice_20210510115053.png",
      "path.night": "images/icon.symbol.postoffice_20210510020326.png",
      "id": "icon.symbol.postoffice",
      "type": "image"
    },
    {
      "anchor.day": [
        0.5,
        0.5
      ],
      "anchor.night": [
        0.5,
        0.5
      ],
      "path": "images/icon.symbol.prefecturaloffice_20210708095719.png",
      "path.night": "images/icon.symbol.prefecturaloffice_20210708095741.png",
      "id": "icon.symbol.prefecturaloffice",
      "type": "image"
    },
    {
      "anchor.day": [
        0.5,
        0.5
      ],
      "anchor.night": [
        0.5,
        0.5
      ],
      "path": "images/icon.symbol.premisesmap.restaurant_20210525083700.png",
      "path.night": "images/icon.symbol.premisesmap.restaurant_20210525083720.png",
      "id": "icon.symbol.premisesmap.restaurant",
      "type": "image"
    },
    {
      "anchor.day": [
        0.5,
        0.5
      ],
      "anchor.night": [
        0.5,
        0.5
      ],
      "path": "images/icon.symbol.premisesmap.shoppong_20210823085737.png",
      "path.night": "images/icon.symbol.premisesmap.shoppong_20210823085754.png",
      "id": "icon.symbol.premisesmap.shoppong",
      "type": "image"
    },
    {
      "color.day": "#282830FF",
      "color.night": "#000000FF",
      "id": "icon.symbol.publicoffice",
      "type": "color"
    },
    {
      "anchor.day": [
        0.5,
        0.5
      ],
      "anchor.night": [
        0.5,
        0.5
      ],
      "path": "images/icon.symbol.publicoffice_20210510115843.png",
      "path.night": "images/icon.symbol.publicoffice_20210510021944.png",
      "id": "icon.symbol.publicoffice",
      "type": "image"
    },
    {
      "value": true,
      "id": "icon.symbol.publicoffice",
      "type": "visibility"
    },
    {
      "color.day": "#0066C0FF",
      "color.night": "#0066C0FF",
      "id": "icon.symbol.rainstation",
      "type": "color"
    },
    {
      "color.day": "#283054FF",
      "color.night": "#000000FF",
      "id": "icon.symbol.roadsidestation",
      "type": "color"
    },
    {
      "anchor.day": [
        0.5,
        0.5
      ],
      "anchor.night": [
        0.5,
        0.5
      ],
      "path": "images/icon.symbol.roadsidestation_20210511115412.png",
      "path.night": "images/icon.symbol.roadsidestation_20210511115448.png",
      "id": "icon.symbol.roadsidestation",
      "type": "image"
    },
    {
      "color.day": "#006C28FF",
      "color.night": "#006C28FF",
      "id": "icon.symbol.sa",
      "type": "color"
    },
    {
      "color.day": "#282830FF",
      "color.night": "#0E181CFF",
      "id": "icon.symbol.school",
      "type": "color"
    },
    {
      "anchor.day": [
        0.5,
        0.5
      ],
      "anchor.night": [
        0.5,
        0.5
      ],
      "path": "images/icon.symbol.school_20210510114651.png",
      "path.night": "images/icon.symbol.school_20210510015230.png",
      "id": "icon.symbol.school",
      "type": "image"
    },
    {
      "value": true,
      "id": "icon.symbol.school",
      "type": "visibility"
    },
    {
      "color.day": "#282830FF",
      "color.night": "#000000FF",
      "id": "icon.symbol.shopping",
      "type": "color"
    },
    {
      "anchor.day": [
        0.5,
        0.5
      ],
      "anchor.night": [
        0.5,
        0.5
      ],
      "path": "images/icon.symbol.shopping_20210511092926.png",
      "path.night": "images/icon.symbol.shopping_20210511093448.png",
      "id": "icon.symbol.shopping",
      "type": "image"
    },
    {
      "color.day": "#282830FF",
      "color.night": "#000000FF",
      "id": "icon.symbol.shrine",
      "type": "color"
    },
    {
      "anchor.day": [
        0.5,
        0.5
      ],
      "anchor.night": [
        0.5,
        0.5
      ],
      "path": "images/icon.symbol.shrine_20210507030411.png",
      "path.night": "images/icon.symbol.shrine_20210510020507.png",
      "id": "icon.symbol.shrine",
      "type": "image"
    },
    {
      "anchor.day": [
        0.5,
        0.5
      ],
      "anchor.night": [
        0.5,
        0.5
      ],
      "path": "images/icon.symbol.sightseeing_20210708095537.png",
      "path.night": "images/icon.symbol.sightseeing_20210708095553.png",
      "id": "icon.symbol.sightseeing",
      "type": "image"
    },
    {
      "color.day": "#000000FF",
      "color.night": "#000000FF",
      "id": "icon.symbol.signal",
      "type": "color"
    },
    {
      "anchor.day": [
        0.5,
        0.5
      ],
      "anchor.night": [
        0.5,
        0.5
      ],
      "path": "images/icon.symbol.signal_20210421013523.png",
      "path.night": "images/icon.symbol.signal_20210511124702.png",
      "id": "icon.symbol.signal",
      "type": "image"
    },
    {
      "color.day": "#282830FF",
      "color.night": "#000000FF",
      "id": "icon.symbol.skatingrink",
      "type": "color"
    },
    {
      "anchor.day": [
        0.5,
        0.5
      ],
      "anchor.night": [
        0.5,
        0.5
      ],
      "path": "images/icon.symbol.skatingrink_20210511094415.png",
      "path.night": "images/icon.symbol.skatingrink_20210511094352.png",
      "id": "icon.symbol.skatingrink",
      "type": "image"
    },
    {
      "color.day": "#282830FF",
      "color.night": "#000000FF",
      "id": "icon.symbol.ski",
      "type": "color"
    },
    {
      "anchor.day": [
        0.5,
        0.5
      ],
      "anchor.night": [
        0.5,
        0.5
      ],
      "path": "images/icon.symbol.ski_20210511092250.png",
      "path.night": "images/icon.symbol.ski_20210511092226.png",
      "id": "icon.symbol.ski",
      "type": "image"
    },
    {
      "value": true,
      "id": "icon.symbol.ski",
      "type": "visibility"
    },
    {
      "color.day": "#282830FF",
      "color.night": "#000000FF",
      "id": "icon.symbol.substation",
      "type": "color"
    },
    {
      "anchor.day": [
        0.5,
        0.5
      ],
      "anchor.night": [
        0.5,
        0.5
      ],
      "path": "images/icon.symbol.substation_20210510120022.png",
      "path.night": "images/icon.symbol.substation_20210510022038.png",
      "id": "icon.symbol.substation",
      "type": "image"
    },
    {
      "anchor.day": [
        0.5,
        0.5
      ],
      "anchor.night": [
        0.5,
        0.5
      ],
      "path": "images/icon.symbol.telephoneoffice_20210708095838.png",
      "path.night": "images/icon.symbol.telephoneoffice_20210708095848.png",
      "id": "icon.symbol.telephoneoffice",
      "type": "image"
    },
    {
      "color.day": "#282830FF",
      "color.night": "#000000FF",
      "id": "icon.symbol.temple",
      "type": "color"
    },
    {
      "anchor.day": [
        0.5,
        0.5
      ],
      "anchor.night": [
        0.5,
        0.5
      ],
      "path": "images/icon.symbol.temple_20210510121528.png",
      "path.night": "images/icon.symbol.temple_20210510020538.png",
      "id": "icon.symbol.temple",
      "type": "image"
    },
    {
      "value": true,
      "id": "icon.symbol.temple",
      "type": "visibility"
    },
    {
      "color.day": "#282830FF",
      "color.night": "#000000FF",
      "id": "icon.symbol.theater",
      "type": "color"
    },
    {
      "anchor.day": [
        0.5,
        0.5
      ],
      "anchor.night": [
        0.5,
        0.5
      ],
      "path": "images/icon.symbol.theater_20210511100713.png",
      "path.night": "images/icon.symbol.theater_20210708094406.png",
      "id": "icon.symbol.theater",
      "type": "image"
    },
    {
      "color.day": "#282830FF",
      "color.night": "#000000FF",
      "id": "icon.symbol.touristspot",
      "type": "color"
    },
    {
      "anchor.day": [
        0.5,
        0.5
      ],
      "anchor.night": [
        0.5,
        0.5
      ],
      "path": "images/icon.symbol.touristspot_20210510121412.png",
      "path.night": "images/icon.symbol.touristspot_20210510021715.png",
      "id": "icon.symbol.touristspot",
      "type": "image"
    },
    {
      "color.day": "#283054FF",
      "color.night": "#000000FF",
      "id": "icon.symbol.tower",
      "type": "color"
    },
    {
      "anchor.day": [
        0.5,
        0.5
      ],
      "anchor.night": [
        0.5,
        0.5
      ],
      "path": "images/icon.symbol.tower_20210511095629.png",
      "path.night": "",
      "id": "icon.symbol.tower",
      "type": "image"
    },
    {
      "color.day": "#282830FF",
      "color.night": "#000000FF",
      "id": "icon.symbol.yottoharbor",
      "type": "color"
    },
    {
      "anchor.day": [
        0.5,
        0.5
      ],
      "anchor.night": [
        0.5,
        0.5
      ],
      "path": "images/icon.symbol.yottoharbor_20210511093614.png",
      "path.night": "images/icon.symbol.yottoharbor_20210511093553.png",
      "id": "icon.symbol.yottoharbor",
      "type": "image"
    },
    {
      "textrect": [
        0.25,
        0.25,
        0.75,
        0.75
      ],
      "anchor.day": [
        0.5,
        0.5
      ],
      "anchor.night": [
        0.5,
        0.5
      ],
      "path": "images/icon.via_20210705045532.png",
      "path.night": "",
      "id": "icon.via",
      "type": "image"
    },
    {
      "color.day": "#0000001A",
      "color.night": "#FFFFFF1A",
      "id": "line.citymap.footpath",
      "type": "color"
    },
    {
      "color.day": "#48484CFF",
      "color.night": "#202020FF",
      "id": "line.citymap.pedestrianbridge",
      "type": "color"
    },
    {
      "color.day": "#8C9094FF",
      "color.night": "#3C3C40FF",
      "id": "line.citymap.roadoutline",
      "type": "color"
    },
    {
      "color.day": "#9A0000FF",
      "color.night": "#9A0000FF",
      "id": "line.trafficinfo.heavyjamroad",
      "type": "color"
    },
    {
      "color.day": "#FF0000FF",
      "color.night": "#FF0000FF",
      "id": "line.trafficinfo.jammedroad",
      "type": "color"
    },
    {
      "color.day": "#FFA229FF",
      "color.night": "#FFA229FF",
      "id": "line.trafficinfo.slowlyroad",
      "type": "color"
    },
    {
      "color.day": "#DCE0E403",
      "color.night": "#DADEE200",
      "id": "line.trafficinfo.vacantroad",
      "type": "color"
    },
    {
      "value": 0.70000005,
      "id": "mapscale",
      "type": "scale"
    },
    {
      "value": 1.0,
      "id": "pixelscale",
      "type": "scale"
    },
    {
      "color.day": "#606060FF",
      "color.night": "#817F80FF",
      "id": "railway.amusement",
      "type": "color"
    },
    {
      "color.day": "#78787803",
      "color.night": "#000000FF",
      "id": "railway.amusement.outline",
      "type": "color"
    },
    {
      "color.day": "#FFFFFFFF",
      "color.night": "#2D2D2DFF",
      "id": "railway.national",
      "type": "color"
    },
    {
      "color.day": "#686868FF",
      "color.night": "#656565FF",
      "id": "railway.national.outline",
      "type": "color"
    },
    {
      "color.day": "#606060FF",
      "color.night": "#707070FF",
      "id": "railway.regional",
      "type": "color"
    },
    {
      "color.day": "#78787800",
      "color.night": "#6868680C",
      "id": "railway.regional.outline",
      "type": "color"
    },
    {
      "color.day": "#5772DEFF",
      "color.night": "#3657B2FF",
      "id": "road.motorway",
      "type": "color"
    },
    {
      "color.day": "#294A98FF",
      "color.night": "#10224FFF",
      "id": "road.motorway.outline",
      "type": "color"
    },
    {
      "color.day": "#B4B8BCFF",
      "color.night": "#282C30FF",
      "id": "road.narrow",
      "type": "color"
    },
    {
      "value": 0.8,
      "id": "road.narrow",
      "type": "scale"
    },
    {
      "color.day": "#74787C00",
      "color.night": "#5D676B00",
      "id": "road.narrow.outline",
      "type": "color"
    },
    {
      "color.day": "#94989CFF",
      "color.night": "#34383CFF",
      "id": "road.primary",
      "type": "color"
    },
    {
      "color.day": "#74787CFF",
      "color.night": "#4C5054FF",
      "id": "road.primary.outline",
      "type": "color"
    },
    {
      "color.day": "#94989CFF",
      "color.night": "#34383CFF",
      "id": "road.secondary",
      "type": "color"
    },
    {
      "color.day": "#74787CFF",
      "color.night": "#4C5054FF",
      "id": "road.secondary.outline",
      "type": "color"
    },
    {
      "color.day": "#FFFFA3FF",
      "color.night": "#807747FF",
      "id": "road.trunk",
      "type": "color"
    },
    {
      "color.day": "#A0A090FF",
      "color.night": "#A09070FF",
      "id": "road.trunk.outline",
      "type": "color"
    },
    {
      "color.day": "#FFFFFF63",
      "color.night": "#00000064",
      "id": "road.tunnelopacity",
      "type": "color"
    },
    {
      "value": 1.0,
      "id": "road.unclassified",
      "type": "scale"
    },
    {
      "color.day": "#94989CFF",
      "color.night": "#34383CFF",
      "id": "road.unclassified",
      "type": "color"
    },
    {
      "color.day": "#74787C01",
      "color.night": "#44484C00",
      "id": "road.unclassified.outline",
      "type": "color"
    },
    {
      "color.day": "#B4B8BCFF",
      "color.night": "#2C3034FF",
      "id": "road.verynarrow",
      "type": "color"
    },
    {
      "value": 0.70000005,
      "id": "road.verynarrow",
      "type": "scale"
    },
    {
      "color.day": "#74787C01",
      "color.night": "#C4C8CC00",
      "id": "road.verynarrow.outline",
      "type": "color"
    },
    {
      "color.day": "#0BF846FE",
      "color.night": "#0BF846FE",
      "id": "route.guidance",
      "type": "color"
    },
    {
      "color.day": "#0BF846FE",
      "color.night": "#0BF846FE",
      "id": "route.guidance.middle",
      "type": "color"
    },
    {
      "color.day": "#0A6400FF",
      "color.night": "#0A6400FF",
      "id": "route.guidance.outline",
      "type": "color"
    },
    {
      "color.day": "#0BF846FE",
      "color.night": "#0BF846FE",
      "id": "route.inactive",
      "type": "color"
    },
    {
      "color.day": "#0BF846FE",
      "color.night": "#0BF846FE",
      "id": "route.inactive.middle",
      "type": "color"
    },
    {
      "color.day": "#0A6400FF",
      "color.night": "#0A6400FF",
      "id": "route.inactive.outline",
      "type": "color"
    },
    {
      "color.day": "#0BF84600",
      "color.night": "#0BF84600",
      "id": "route.notguidance",
      "type": "color"
    },
    {
      "color.day": "#FF85A3FF",
      "color.night": "#0BF8469A",
      "id": "route.notguidance.middle",
      "type": "color"
    },
    {
      "color.day": "#FF2977FF",
      "color.night": "#0A64009A",
      "id": "route.notguidance.outline",
      "type": "color"
    },
    {
      "color.day": "#00000000",
      "color.night": "#00000000",
      "id": "route.notselected",
      "type": "color"
    },
    {
      "color.day": "#546364FF",
      "color.night": "#949898FF",
      "id": "route.notselected.middle",
      "type": "color"
    },
    {
      "color.day": "#282F30FF",
      "color.night": "#A3B0B0FF",
      "id": "route.notselected.outline",
      "type": "color"
    },
    {
      "color.day": "#0BF84601",
      "color.night": "#0BF846FE",
      "id": "route.selected",
      "type": "color"
    },
    {
      "color.day": "#00FF00FF",
      "color.night": "#0BF846FE",
      "id": "route.selected.middle",
      "type": "color"
    },
    {
      "color.day": "#009000FF",
      "color.night": "#0A6400FF",
      "id": "route.selected.outline",
      "type": "color"
    },
    {
      "value": true,
      "id": "symbol",
      "type": "visibility"
    },
    {
      "color.day": "#817245FF",
      "color.night": "#948858FF",
      "id": "text.district3",
      "type": "color"
    },
    {
      "value": 1.2,
      "id": "text.district3",
      "type": "scale"
    },
    {
      "color.day": "#FFFFFFFF",
      "color.night": "#000000B7",
      "id": "text.district3.outline",
      "type": "color"
    },
    {
      "color.day": "#A89A72FF",
      "color.night": "#8A8055FF",
      "id": "text.district4",
      "type": "color"
    },
    {
      "value": 1.1,
      "id": "text.district4",
      "type": "scale"
    },
    {
      "color.day": "#FFFFFFFF",
      "color.night": "#000000B8",
      "id": "text.district4.outline",
      "type": "color"
    },
    {
      "value": 0.70000005,
      "id": "text.district5",
      "type": "scale"
    },
    {
      "color.day": "#3E3E3E80",
      "color.night": "#8EB6E880",
      "id": "text.district5",
      "type": "color"
    },
    {
      "color.day": "#FFFFFFFF",
      "color.night": "#000000FF",
      "id": "text.district5.outline",
      "type": "color"
    },
    {
      "color.day": "#505468FF",
      "color.night": "#7C848CFF",
      "id": "text.facilities",
      "type": "color"
    },
    {
      "value": 0.70000005,
      "id": "text.facilities",
      "type": "scale"
    },
    {
      "color.day": "#FFFFFFD5",
      "color.night": "#000000B7",
      "id": "text.facilities.outline",
      "type": "color"
    },
    {
      "value": 0.6,
      "id": "text.geographic",
      "type": "scale"
    },
    {
      "color.day": "#303440FF",
      "color.night": "#B8B8B8FF",
      "id": "text.geographic",
      "type": "color"
    },
    {
      "color.day": "#FFFFFFFF",
      "color.night": "#000000B6",
      "id": "text.geographic.outline",
      "type": "color"
    },
    {
      "color.day": "#FFFFFFFF",
      "color.night": "#000000FF",
      "id": "text.intersection",
      "type": "color"
    },
    {
      "value": 1.2,
      "id": "text.intersection",
      "type": "scale"
    },
    {
      "color.day": "#FFFFFFFF",
      "color.night": "#000000FF",
      "id": "text.intersection.outline",
      "type": "color"
    },
    {
      "color.day": "#505468FF",
      "color.night": "#848C94FF",
      "style": "border",
      "id": "text.landmark",
      "type": "color"
    },
    {
      "value": 0.70000005,
      "id": "text.landmark",
      "type": "scale"
    },
    {
      "color.day": "#FFFFFFFF",
      "color.night": "#000000B5",
      "id": "text.landmark.outline",
      "type": "color"
    },
    {
      "value": 1.1,
      "id": "text.ramp",
      "type": "scale"
    },
    {
      "color.day": "#FFFFFFFF",
      "color.night": "#FFFFFFFF",
      "style": "plate",
      "id": "text.ramp",
      "type": "color"
    },
    {
      "color.day": "#006C28D7",
      "color.night": "#008834DD",
      "id": "text.ramp.outline",
      "type": "color"
    },
    {
      "color.day": "#666666FF",
      "color.night": "#B8B8B8FF",
      "id": "text.roadname",
      "type": "color"
    },
    {
      "value": 0.8,
      "id": "text.roadname",
      "type": "scale"
    },
    {
      "color.day": "#FFFFFFFF",
      "color.night": "#000000B5",
      "id": "text.roadname.outline",
      "type": "color"
    },
    {
      "value": 1.2,
      "id": "text.roadno",
      "type": "scale"
    },
    {
      "value": 1.4,
      "id": "text.routetooltip",
      "type": "scale"
    },
    {
      "color.day": "#303440FF",
      "color.night": "#848C94FF",
      "id": "text.symbol.airport",
      "type": "color"
    },
    {
      "color.day": "#FFFFFFFF",
      "color.night": "#000000B7",
      "id": "text.symbol.airport.outline",
      "type": "color"
    },
    {
      "color.day": "#505468FF",
      "color.night": "#7C848CFF",
      "id": "text.symbol.amusementpark",
      "type": "color"
    },
    {
      "color.day": "#303440FF",
      "color.night": "#000000B7",
      "id": "text.symbol.amusementparkl.outline",
      "type": "color"
    },
    {
      "color.day": "#303440FF",
      "color.night": "#848C94FF",
      "id": "text.symbol.aquarium",
      "type": "color"
    },
    {
      "color.day": "#FFFFFFFF",
      "color.night": "#000000B7",
      "id": "text.symbol.aquarium.outline",
      "type": "color"
    },
    {
      "color.day": "#303440FF",
      "color.night": "#848C94FF",
      "id": "text.symbol.arena",
      "type": "color"
    },
    {
      "color.day": "#FFFFFFFF",
      "color.night": "#000000B8",
      "id": "text.symbol.arena.outline",
      "type": "color"
    },
    {
      "color.day": "#303440FF",
      "color.night": "#848C94FF",
      "id": "text.symbol.bank",
      "type": "color"
    },
    {
      "color.day": "#FFFFFFFF",
      "color.night": "#000000B8",
      "id": "text.symbol.bank.outline",
      "type": "color"
    },
    {
      "color.day": "#303440FF",
      "color.night": "#848C94FF",
      "id": "text.symbol.baseballstadium",
      "type": "color"
    },
    {
      "color.day": "#FFFFFFFF",
      "color.night": "#000000B8",
      "id": "text.symbol.baseballstadium.outline",
      "type": "color"
    },
    {
      "color.day": "#505468FF",
      "color.night": "#848C94FF",
      "id": "text.symbol.beach",
      "type": "color"
    },
    {
      "color.day": "#FFFFFFFF",
      "color.night": "#000000B7",
      "id": "text.symbol.beach.outline",
      "type": "color"
    },
    {
      "color.day": "#303440FF",
      "color.night": "#848C94FF",
      "id": "text.symbol.branchoffice",
      "type": "color"
    },
    {
      "color.day": "#FFFFFFFF",
      "color.night": "#000000B8",
      "id": "text.symbol.branchoffice.outline",
      "type": "color"
    },
    {
      "color.day": "#303440FF",
      "color.night": "#848C94FF",
      "id": "text.symbol.budokan",
      "type": "color"
    },
    {
      "color.day": "#FFFFFFFF",
      "color.night": "#000000B5",
      "id": "text.symbol.budokan.outline",
      "type": "color"
    },
    {
      "color.day": "#505468FF",
      "color.night": "#7C848CFF",
      "id": "text.symbol.building",
      "type": "color"
    },
    {
      "color.day": "#FFFFFFFF",
      "color.night": "#000000B4",
      "id": "text.symbol.building.outline",
      "type": "color"
    },
    {
      "color.day": "#303440FF",
      "color.night": "#848C94FF",
      "id": "text.symbol.campsite",
      "type": "color"
    },
    {
      "color.day": "#FFFFFFFF",
      "color.night": "#000000B7",
      "id": "text.symbol.campsite.outline",
      "type": "color"
    },
    {
      "color.day": "#303440FF",
      "color.night": "#7C848CFF",
      "id": "text.symbol.castle",
      "type": "color"
    },
    {
      "color.day": "#FFFFFFFF",
      "color.night": "#000000B4",
      "id": "text.symbol.castle.outline",
      "type": "color"
    },
    {
      "color.day": "#303440FF",
      "color.night": "#848C94FF",
      "id": "text.symbol.cemetery",
      "type": "color"
    },
    {
      "color.day": "#FFFFFFFF",
      "color.night": "#000000B7",
      "id": "text.symbol.cemetery.outline",
      "type": "color"
    },
    {
      "color.day": "#505468FF",
      "color.night": "#7C848CFF",
      "id": "text.symbol.church",
      "type": "color"
    },
    {
      "color.day": "#FFFBFB98",
      "color.night": "#000000FF",
      "id": "text.symbol.church.outline",
      "type": "color"
    },
    {
      "color.day": "#303440FF",
      "color.night": "#848C94FF",
      "id": "text.symbol.cityoffice",
      "type": "color"
    },
    {
      "color.day": "#FFFFFFFF",
      "color.night": "#000000B8",
      "id": "text.symbol.cityoffice.outline",
      "type": "color"
    },
    {
      "color.day": "#303440FF",
      "color.night": "#848C94FF",
      "id": "text.symbol.facility",
      "type": "color"
    },
    {
      "color.day": "#FFFFFFFE",
      "color.night": "#000000B6",
      "id": "text.symbol.facility.outline",
      "type": "color"
    },
    {
      "color.day": "#303440FF",
      "color.night": "#A0A4A8FF",
      "id": "text.symbol.factory",
      "type": "color"
    },
    {
      "color.day": "#FFFFFFFF",
      "color.night": "#000000B6",
      "id": "text.symbol.factory.outline",
      "type": "color"
    },
    {
      "color.day": "#505468FF",
      "color.night": "#848C94FF",
      "id": "text.symbol.ferry",
      "type": "color"
    },
    {
      "color.day": "#FFFFFFFF",
      "color.night": "#000000B8",
      "id": "text.symbol.ferry.outline",
      "type": "color"
    },
    {
      "color.day": "#303440FF",
      "color.night": "#848C94FF",
      "id": "text.symbol.firestation",
      "type": "color"
    },
    {
      "color.day": "#FFFFFFFF",
      "color.night": "#000000B8",
      "id": "text.symbol.firestation.outline",
      "type": "color"
    },
    {
      "color.day": "#303440FF",
      "color.night": "#000000FF",
      "id": "text.symbol.golf",
      "type": "color"
    },
    {
      "color.day": "#303440FF",
      "color.night": "#848C94FF",
      "id": "text.symbol.govermentoffice",
      "type": "color"
    },
    {
      "color.day": "#FFFFFFFF",
      "color.night": "#000000B5",
      "id": "text.symbol.govermentoffice.outline",
      "type": "color"
    },
    {
      "color.day": "#FF6060FF",
      "color.night": "#E05050FF",
      "id": "text.symbol.healthcenter",
      "type": "color"
    },
    {
      "color.day": "#FFFFFFFF",
      "color.night": "#000000B4",
      "id": "text.symbol.healthcenter.outline",
      "type": "color"
    },
    {
      "color.day": "#FF6060FF",
      "color.night": "#E05050FF",
      "id": "text.symbol.hospital",
      "type": "color"
    },
    {
      "color.day": "#FFFFFFFF",
      "color.night": "#000000B8",
      "id": "text.symbol.hospital.outline",
      "type": "color"
    },
    {
      "color.day": "#303440FF",
      "color.night": "#848C94FF",
      "id": "text.symbol.hotel",
      "type": "color"
    },
    {
      "color.day": "#FFFFFFFF",
      "color.night": "#000000B8",
      "id": "text.symbol.hotel.outline",
      "type": "color"
    },
    {
      "color.day": "#505468FF",
      "color.night": "#848C94FF",
      "id": "text.symbol.hotspring",
      "type": "color"
    },
    {
      "color.day": "#FFFFFFFF",
      "color.night": "#000000B7",
      "id": "text.symbol.hotspring.outline",
      "type": "color"
    },
    {
      "color.day": "#FFFFFFFF",
      "color.night": "#FFFFFFFF",
      "style": "plate",
      "id": "text.symbol.ic",
      "type": "color"
    },
    {
      "color.day": "#006C28D7",
      "color.night": "#008834DD",
      "id": "text.symbol.ic.outline",
      "type": "color"
    },
    {
      "color.day": "#303440FF",
      "color.night": "#7C848CFF",
      "id": "text.symbol.kindergarten",
      "type": "color"
    },
    {
      "color.day": "#FFFFFFFF",
      "color.night": "#000000B5",
      "id": "text.symbol.kindergarten.outline",
      "type": "color"
    },
    {
      "color.day": "#303440FF",
      "color.night": "#848C94FF",
      "id": "text.symbol.leisurefacilities",
      "type": "color"
    },
    {
      "color.day": "#FFFFFFFF",
      "color.night": "#000000B7",
      "id": "text.symbol.leisurefacilities.outline",
      "type": "color"
    },
    {
      "color.day": "#303440FF",
      "color.night": "#848C94FF",
      "id": "text.symbol.library",
      "type": "color"
    },
    {
      "color.day": "#FFFFFFFF",
      "color.night": "#000000B8",
      "id": "text.symbol.library.outline",
      "type": "color"
    },
    {
      "color.day": "#303440FF",
      "color.night": "#848C94FF",
      "id": "text.symbol.museum",
      "type": "color"
    },
    {
      "color.day": "#FFFFFFFF",
      "color.night": "#000000B7",
      "id": "text.symbol.museum.outline",
      "type": "color"
    },
    {
      "color.day": "#006C28D7",
      "color.night": "#008834DD",
      "id": "text.symbol.pa.outline",
      "type": "color"
    },
    {
      "color.day": "#08703CFF",
      "color.night": "#369D6BFF",
      "id": "text.symbol.park",
      "type": "color"
    },
    {
      "color.day": "#FFFFFFFF",
      "color.night": "#000000B8",
      "id": "text.symbol.park.outline",
      "type": "color"
    },
    {
      "color.day": "#303440FF",
      "color.night": "#000000FF",
      "id": "text.symbol.parkinglot",
      "type": "color"
    },
    {
      "color.day": "#303440FF",
      "color.night": "#848C94FF",
      "id": "text.symbol.policestation",
      "type": "color"
    },
    {
      "color.day": "#FFFFFFFF",
      "color.night": "#000000B8",
      "id": "text.symbol.policestation.outline",
      "type": "color"
    },
    {
      "color.day": "#348DD5FF",
      "color.night": "#82C9FFFF",
      "id": "text.symbol.port",
      "type": "color"
    },
    {
      "color.day": "#FFFFFFFF",
      "color.night": "#00000088",
      "id": "text.symbol.port.outline",
      "type": "color"
    },
    {
      "color.day": "#303440FF",
      "color.night": "#848C94FF",
      "id": "text.symbol.postoffice",
      "type": "color"
    },
    {
      "color.day": "#FFFFFFFF",
      "color.night": "#000000B8",
      "id": "text.symbol.postoffice.outline",
      "type": "color"
    },
    {
      "color.day": "#303440FF",
      "color.night": "#001000FF",
      "id": "text.symbol.publicoffice",
      "type": "color"
    },
    {
      "color.day": "#FFFFFFFF",
      "color.night": "#000000B8",
      "id": "text.symbol.publicoffice.outline",
      "type": "color"
    },
    {
      "color.day": "#0066C0FF",
      "color.night": "#52A4F3FF",
      "id": "text.symbol.rainstation",
      "type": "color"
    },
    {
      "color.day": "#FFFFFFFF",
      "color.night": "#000000B7",
      "id": "text.symbol.rainstation.outline",
      "type": "color"
    },
    {
      "color.day": "#303440FF",
      "color.night": "#848C94FF",
      "id": "text.symbol.roadsidestation",
      "type": "color"
    },
    {
      "color.day": "#FFFFFFFF",
      "color.night": "#000000B7",
      "id": "text.symbol.roadsidestation.outline",
      "type": "color"
    },
    {
      "color.day": "#FFFFFFFF",
      "color.night": "#FFFFFFFF",
      "style": "plate",
      "id": "text.symbol.sa",
      "type": "color"
    },
    {
      "color.day": "#006C28D7",
      "color.night": "#008834DD",
      "id": "text.symbol.sa.outline",
      "type": "color"
    },
    {
      "color.day": "#303848FF",
      "color.night": "#7C848CFF",
      "id": "text.symbol.school",
      "type": "color"
    },
    {
      "color.day": "#FFFFFFFF",
      "color.night": "#000000B7",
      "id": "text.symbol.school.outline",
      "type": "color"
    },
    {
      "color.day": "#303440FF",
      "color.night": "#848C94FF",
      "id": "text.symbol.shopping",
      "type": "color"
    },
    {
      "color.day": "#FFFFFFFF",
      "color.night": "#000000B8",
      "id": "text.symbol.shopping.outline",
      "type": "color"
    },
    {
      "color.day": "#303440FF",
      "color.night": "#848C94FF",
      "id": "text.symbol.shrine",
      "type": "color"
    },
    {
      "color.day": "#FFFFFFFF",
      "color.night": "#000000B4",
      "id": "text.symbol.shrine.outline",
      "type": "color"
    },
    {
      "color.day": "#FFFBFB98",
      "color.night": "#000000FF",
      "id": "text.symbol.sightseeing",
      "type": "color"
    },
    {
      "color.day": "#000000B4",
      "color.night": "#000000FF",
      "id": "text.symbol.sightseeing.outline",
      "type": "color"
    },
    {
      "color.day": "#FEFFFFFF",
      "color.night": "#FFFFFFFF",
      "style": "plate",
      "id": "text.symbol.signal",
      "type": "color"
    },
    {
      "color.day": "#0044819A",
      "color.night": "#1469AEB4",
      "id": "text.symbol.signal.outline",
      "type": "color"
    },
    {
      "color.day": "#303440FF",
      "color.night": "#848C94FF",
      "id": "text.symbol.skatingrink",
      "type": "color"
    },
    {
      "color.day": "#FFFFFFFF",
      "color.night": "#000000B7",
      "id": "text.symbol.skatingrink.outline",
      "type": "color"
    },
    {
      "color.day": "#303440FF",
      "color.night": "#848C94FF",
      "id": "text.symbol.ski",
      "type": "color"
    },
    {
      "color.day": "#FFFFFFFF",
      "color.night": "#000000B7",
      "id": "text.symbol.ski.outline",
      "type": "color"
    },
    {
      "color.day": "#944CA4D7",
      "color.night": "#A155B4EE",
      "id": "text.symbol.smartichw.outline",
      "type": "color"
    },
    {
      "color.day": "#303440FF",
      "color.night": "#848C94FF",
      "id": "text.symbol.substation",
      "type": "color"
    },
    {
      "color.day": "#FFFFFFFF",
      "color.night": "#000000B8",
      "id": "text.symbol.substation.outline",
      "type": "color"
    },
    {
      "color.day": "#303440FF",
      "color.night": "#7C848CFF",
      "id": "text.symbol.temple",
      "type": "color"
    },
    {
      "color.day": "#FFFFFFFF",
      "color.night": "#000000B7",
      "id": "text.symbol.temple.outline",
      "type": "color"
    },
    {
      "color.day": "#505468FF",
      "color.night": "#000000FF",
      "id": "text.symbol.theater",
      "type": "color"
    },
    {
      "color.day": "#505468FF",
      "color.night": "#848C94FF",
      "id": "text.symbol.touristspot",
      "type": "color"
    },
    {
      "color.day": "#FFFFFFFF",
      "color.night": "#000000B8",
      "id": "text.symbol.touristspot.outline",
      "type": "color"
    },
    {
      "color.day": "#505468FF",
      "color.night": "#848C94FF",
      "id": "text.symbol.tower",
      "type": "color"
    },
    {
      "color.day": "#FFFFFFFF",
      "color.night": "#000000FF",
      "id": "text.symbol.tower.outline",
      "type": "color"
    },
    {
      "color.day": "#505468FF",
      "color.night": "#7C848CFF",
      "id": "text.symbol.yottoharbor",
      "type": "color"
    },
    {
      "color.day": "#FFFBFB98",
      "color.night": "#000000B7",
      "id": "text.symbol.yottoharbor.outline",
      "type": "color"
    },
    {
      "color.day": "#303440FF",
      "color.night": "#00000001",
      "id": "text.via",
      "type": "color"
    },
    {
      "color.day": "#FFFFFFFF",
      "color.night": "#000000B7",
      "id": "text.symbol.subwayexit.outline",
      "type": "color"
    }
  ],
  "mode": "initialize",
  "name": "20210812",
  "version": "v2.0",
  "UpdateTime": "2021-08-24T15:26:16+09:00"
}
